Date,Open,High,Low,Close,Adj Close,Volume
2018-01-25,110.64,110.64,110.64,110.64,110.64,0
2018-01-26,110.64,110.64,110.64,110.64,110.64,0
2018-01-29,116.8,118.32,116.8,118.32,118.32,350
2018-01-30,123.16,127.24,121.96,122.2,122.2,15825
2018-01-31,119.84,122.72,119.84,122.6,122.6,2300
2018-02-01,120.6,120.6,115.68,116.428,116.428,2700
2018-02-02,120.16,133.2,120.12,131.39999,131.39999,7300
2018-02-05,135.75999,177.48,130.52,175.44,175.44,13075
2018-02-06,184.0,232.39999,172.464,172.464,172.464,3100
2018-02-07,174.96001,180.36,167.67999,178.16,178.16,6950
2018-02-08,181.72,220.72,181.44,220.72,220.72,25200
2018-02-09,198.88,225.60001,196.0,201.12,201.12,11125
2018-02-12,193.12,200.32001,192.0,194.2,194.2,3650
2018-02-13,195.24001,196.24001,190.39999,191.88,191.88,9150
2018-02-14,189.28,189.32001,169.28,169.92,169.92,22325
2018-02-15,164.12,171.36,163.53999,166.0,166.0,3375
2018-02-16,168.8,170.96001,162.24001,168.48,168.48,4650
2018-02-20,172.8,178.72,171.56,175.36,175.36,10975
2018-02-21,173.64,178.16,164.32001,178.0,178.0,35675
2018-02-22,172.96001,178.03999,171.2,175.67999,175.67999,13950
2018-02-23,170.08,171.44,161.88,161.96001,161.96001,13900
2018-02-26,157.28,158.03999,154.8,157.12,157.12,1025
2018-02-27,156.68401,170.48,156.68401,169.64,169.64,17375
2018-02-28,165.28,177.32001,164.8,176.64,176.64,18075
2018-03-01,175.28,197.28,175.28,188.8,188.8,11325
2018-03-02,198.72,202.08,180.48,180.48,180.48,13975
2018-03-05,183.88,183.88,172.16,173.84,173.84,8775
2018-03-06,172.48,180.03999,172.48,174.75999,174.75999,5250
2018-03-07,178.0,178.0,172.12,172.16,172.16,800
2018-03-08,170.32001,170.39999,170.32001,170.36,170.36,13950
2018-03-09,161.28,161.28,153.0,153.0,153.0,3700
2018-03-12,155.67999,160.0,155.67999,159.03999,159.03999,475
2018-03-13,160.32001,162.84,160.32001,162.84,162.84,400
2018-03-14,161.96001,167.88,161.96001,166.39999,166.39999,6000
2018-03-15,161.03999,162.75999,161.03999,161.75999,161.75999,200
2018-03-16,157.2,157.2,157.2,157.2,157.2,250
2018-03-19,161.28,180.72,161.28,173.48,173.48,4350
2018-03-20,172.32001,172.32001,170.16,170.16,170.16,475
2018-03-21,167.84,168.48,159.2,163.96001,163.96001,3825
2018-03-22,180.64,190.12,173.72,188.8,188.8,6900
2018-03-23,188.16,200.08,182.08,200.0,200.0,7825
2018-03-26,188.56,196.88,185.2,185.2,185.2,8450
2018-03-27,185.2,202.39999,185.2,199.12,199.12,8450
2018-03-28,204.92,206.0,200.38,200.38,200.38,13125
2018-03-29,196.0,196.0,196.0,196.0,196.0,100
2018-04-02,194.64,213.67999,193.75999,207.36,207.36,1125
2018-04-03,202.24001,204.67999,198.48,198.48,198.48,150
2018-04-04,210.48,210.88,194.16,194.72,194.72,700
2018-04-05,189.48,189.48,189.48,189.48,189.48,500
2018-04-06,191.64,206.8,191.64,199.2,199.2,225
2018-04-09,199.2,199.2,199.2,199.2,199.2,250
2018-04-10,199.2,199.2,199.2,199.2,199.2,25
2018-04-11,199.2,199.2,199.2,199.2,199.2,25
2018-04-12,192.36,192.36,192.36,192.36,192.36,200
2018-04-13,183.92,183.92,183.92,183.92,183.92,200
2018-04-16,174.60001,174.60001,174.60001,174.60001,174.60001,150
2018-04-17,161.2,161.2,161.2,161.2,161.2,175
2018-04-18,165.03999,165.03999,162.08,162.24001,162.24001,475
2018-04-19,166.72,169.36,163.84,163.88,163.88,5875
2018-04-20,170.2,170.2,168.44,168.44,168.44,325
2018-04-23,167.60001,167.60001,164.36,166.39999,166.39999,375
2018-04-24,166.36,166.36,166.36,166.36,166.36,200
2018-04-25,183.0,183.0,177.2,178.2,178.2,1150
2018-04-26,175.03999,175.03999,169.28,169.84,169.84,325
2018-04-27,166.96001,166.96001,165.7,165.7,165.7,75
2018-04-30,164.08,164.08,164.08,164.08,164.08,25
2018-05-01,169.2,169.44,169.2,169.44,169.44,75
2018-05-02,162.28,162.64,159.03999,159.03999,159.03999,150
2018-05-03,167.92,175.0,167.92,172.0,172.0,575
2018-05-04,161.2,161.2,161.2,161.2,161.2,50
2018-05-07,159.56,159.56,159.0,159.0,159.0,275
2018-05-08,159.0,159.0,159.0,159.0,159.0,0
2018-05-09,156.96001,156.96001,154.75999,155.16,155.16,725
2018-05-10,146.44,146.84,146.44,146.84,146.84,200
2018-05-11,145.67999,147.03999,143.32001,143.32001,143.32001,18675
2018-05-14,139.12,139.12,139.12,139.12,139.12,75
2018-05-15,146.28,149.2,145.28,149.2,149.2,425
2018-05-16,146.0,146.0,142.96001,144.25999,144.25999,200
2018-05-17,143.48,143.48,140.67999,140.67999,140.67999,375
2018-05-18,141.84,141.96001,141.67999,141.67999,141.67999,400
2018-05-21,134.64,137.24001,134.64,136.0,136.0,825
2018-05-22,136.968,136.968,136.968,136.968,136.968,100
2018-05-23,143.75999,143.75999,135.92,135.92,135.92,400
2018-05-24,138.56,141.96001,136.72,136.72,136.72,1700
2018-05-25,136.72,136.72,135.28,135.28,135.28,200
2018-05-29,144.24001,157.72,144.24001,153.67999,153.67999,2400
2018-05-30,147.67999,147.67999,146.24001,146.24001,146.24001,725
2018-05-31,147.8,149.28,145.84,147.75999,147.75999,950
2018-06-01,141.32001,141.36,140.52,140.52,140.52,2600
2018-06-04,140.52,140.52,140.52,140.52,140.52,50
2018-06-05,136.08,136.08,136.08,136.08,136.08,75
2018-06-06,132.39999,132.39999,129.75999,129.75999,129.75999,350
2018-06-07,128.92,134.56,128.92,131.28,131.28,3000
2018-06-08,129.72,129.72,129.72,129.72,129.72,50
2018-06-11,130.8,130.8,128.0,128.32001,128.32001,1175
2018-06-12,127.12,127.92,127.12,127.92,127.92,350
2018-06-13,126.64,129.28,126.64,128.56,128.56,375
2018-06-14,126.4,126.4,124.88,125.088,125.088,675
2018-06-15,128.0,128.08,126.48,126.48,126.48,550
2018-06-18,130.36,130.36,124.88,124.996,124.996,4375
2018-06-19,132.84,134.84,131.12,131.356,131.356,1200
2018-06-20,128.64,128.64,126.96,128.36,128.36,13125
2018-06-21,129.12,138.8,129.12,136.84,136.84,9350
2018-06-22,132.08,134.216,131.60001,133.28,133.28,425
2018-06-25,141.03999,156.2,141.03999,152.39999,152.39999,26250
2018-06-26,148.96001,149.44,143.52,146.16,146.16,375
2018-06-27,144.64,154.96001,144.28,154.0,154.0,1425
2018-06-28,158.96001,159.12,156.44,156.8,156.8,500
2018-06-29,146.96001,148.0,143.88,147.67999,147.67999,475
2018-07-02,156.39999,156.39999,150.96001,150.96001,150.96001,775
2018-07-03,150.96001,150.96001,150.96001,150.96001,150.96001,25
2018-07-05,144.64,144.64,144.64,144.64,144.64,50
2018-07-06,140.32001,140.32001,137.46001,137.46001,137.46001,225
2018-07-09,132.0,132.0,129.88,129.92,129.92,14075
2018-07-10,128.72,128.92,127.16,127.16,127.16,3925
2018-07-11,131.67999,132.96001,131.28,131.36,131.36,425
2018-07-12,129.75999,129.75999,128.0,128.0,128.0,675
2018-07-13,127.68,127.68,126.916,126.916,126.916,2675
2018-07-16,124.88,126.62,124.48,124.96,124.96,6975
2018-07-17,122.92,122.92,122.88,122.88,122.88,2550
2018-07-18,122.24,124.4,121.52,122.24,122.24,1275
2018-07-19,124.8,125.48,124.48,124.8,124.8,625
2018-07-20,126.52,126.6,124.64,125.068,125.068,675
2018-07-23,124.56,126.4,124.56,126.24,126.24,875
2018-07-24,121.36,125.76,121.36,122.96,122.96,3050
2018-07-25,123.44,124.0,120.8,121.84,121.84,7475
2018-07-26,121.76,122.16,121.76,122.16,122.16,1500
2018-07-27,122.4,128.52,121.64,126.16,126.16,775
2018-07-30,124.64,128.52,124.64,128.52,128.52,925
2018-07-31,125.52,125.52,125.52,125.52,125.52,250
2018-08-01,124.24,124.24,122.8,124.0,124.0,475
2018-08-02,128.192,128.192,122.72,122.72,122.72,250
2018-08-03,120.72,120.8,120.504,120.56,120.56,550
2018-08-06,120.56,120.56,117.072,117.072,117.072,6550
2018-08-07,115.36,115.36,114.12,114.24,114.24,8225
2018-08-08,112.16,112.16,112.128,112.128,112.128,550
2018-08-09,111.8,114.2,111.44,114.12,114.12,3400
2018-08-10,119.288,122.0,118.08,119.84,119.84,12975
2018-08-13,121.12,127.04,117.36,126.8,126.8,10950
2018-08-14,123.92,126.0,120.4,120.4,120.4,13925
2018-08-15,127.84,135.52,126.64,127.92,127.92,29650
2018-08-16,123.12,123.12,119.52,120.92,120.92,8050
2018-08-17,123.04,123.36,117.6,117.96,117.96,10700
2018-08-20,115.52,115.92,114.88,115.52,115.52,1125
2018-08-21,114.72,117.92,114.72,117.84,117.84,2000
2018-08-22,117.84,117.84,115.8,115.8,115.8,4475
2018-08-23,115.92,116.72,114.56,116.12,116.12,1250
2018-08-24,114.0,115.52,113.68,115.44,115.44,4850
2018-08-27,114.628,115.6,114.48,115.6,115.6,1525
2018-08-28,115.2,116.08,114.64,115.72,115.72,825
2018-08-29,115.84,115.84,114.6,114.6,114.6,1625
2018-08-30,115.84,118.504,115.76,118.04,118.04,650
2018-08-31,117.0,119.52,115.56,118.76,118.76,3350
2018-09-04,118.08,119.84,117.12,117.12,117.12,4850
2018-09-05,120.0,120.64,117.76,117.84,117.84,1450
2018-09-06,120.88,123.72,119.68,121.44,121.44,12250
2018-09-07,124.24,125.0,122.2,123.24,123.24,1975
2018-09-10,121.24,121.24,119.12,119.92,119.92,2475
2018-09-11,121.36,121.68,116.4,116.4,116.4,625
2018-09-12,115.96,115.96,114.364,114.88,114.88,1575
2018-09-13,112.56,112.56,111.76,111.76,111.76,675
2018-09-14,110.52,111.2,109.4,109.4,109.4,1200
2018-09-17,109.36,112.8,109.04,112.8,112.8,9550
2018-09-18,111.92,112.24,110.56,112.2,112.2,2350
2018-09-19,109.0,109.0,107.76,108.32,108.32,2625
2018-09-20,106.72,107.04,105.76,106.56,106.56,5450
2018-09-21,106.64,106.664,105.2,106.264,106.264,2700
2018-09-24,107.2,108.96,106.64,106.68,106.68,900
2018-09-25,105.36,107.68,105.36,107.68,107.68,950
2018-09-26,106.24,108.0,105.68,108.0,108.0,700
2018-09-27,107.44,107.44,106.96,106.96,106.96,7075
2018-09-28,107.68,107.68,106.8,106.8,106.8,1675
2018-10-01,104.0,106.56,103.76,105.6,105.6,1150
2018-10-02,106.0,106.08,105.28,105.6,105.6,1175
2018-10-03,104.24,105.76,104.16,104.8,104.8,5700
2018-10-04,107.44,115.2,106.72,111.2,111.2,4650
2018-10-05,109.2,119.36,108.28,112.96,112.96,6500
2018-10-08,116.76,121.76,114.212,114.56,114.56,5625
2018-10-09,117.52,117.68,116.32,116.32,116.32,550
2018-10-10,119.6,136.16,119.6,135.8,135.8,18575
2018-10-11,134.32001,153.60001,131.03999,147.44,147.44,24275
2018-10-12,134.56,148.64,134.56,136.28,136.28,4175
2018-10-15,139.20799,142.56,135.36,137.08,137.08,5975
2018-10-16,133.75999,134.75999,127.92,128.32001,128.32001,66375
2018-10-17,127.72,136.52,127.72,129.84,129.84,18250
2018-10-18,132.92,142.75999,131.60001,139.39999,139.39999,3600
2018-10-19,136.24001,141.92,135.0,137.08,137.08,6175
2018-10-22,136.2,143.92,136.2,138.32001,138.32001,4625
2018-10-23,150.28,154.24001,141.08,143.56,143.56,13275
2018-10-24,142.60001,154.64,142.0,154.64,154.64,4800
2018-10-25,153.2,157.08,148.44,151.44,151.44,11000
2018-10-26,161.64,166.60001,155.12,159.96001,159.96001,30375
2018-10-29,153.92,168.56,152.2,161.36,161.36,11525
2018-10-30,162.64,162.64,154.88,155.24001,155.24001,10700
2018-10-31,152.16,154.2,148.16,150.32001,150.32001,6675
2018-11-01,151.32001,153.08,145.36,145.48,145.48,10225
2018-11-02,143.24001,151.8,142.0,146.64,146.64,8950
2018-11-05,147.03999,147.56,144.2,145.24001,145.24001,2275
2018-11-06,145.08,145.48,140.32001,140.32001,140.32001,3625
2018-11-07,135.28,135.28,130.2,130.60001,130.60001,15300
2018-11-08,129.52,131.168,126.84,130.0,130.0,2575
2018-11-09,131.32001,136.56,131.192,132.93201,132.93201,6025
2018-11-12,134.67999,144.8,134.67999,144.24001,144.24001,15275
2018-11-13,144.03999,149.2,141.64,145.32001,145.32001,9300
2018-11-14,142.52,152.52,142.39999,149.08,149.08,6900
2018-11-15,151.72,155.0,146.92,147.52,147.52,9275
2018-11-16,150.03999,151.0,140.28,140.75999,140.75999,5950
2018-11-19,140.88,149.8,140.39999,149.0,149.0,17075
2018-11-20,157.92,161.168,154.96001,157.32001,157.32001,26000
2018-11-21,152.56799,155.67999,151.8,153.64,153.64,15225
2018-11-23,156.8,157.48,153.84,154.96001,154.96001,2675
2018-11-26,151.52,151.52,146.12,146.2,146.2,5725
2018-11-27,148.75999,148.96001,143.24001,143.60001,143.60001,5825
2018-11-28,141.42,144.60001,138.2,139.36,139.36,12325
2018-11-29,141.48,146.12,139.84,141.88,141.88,7525
2018-11-30,142.04401,142.04401,137.2,137.88,137.88,4750
2018-12-03,128.0,131.8,127.32,130.39999,130.39999,758900
2018-12-04,129.16,149.564,129.03999,147.36,147.36,30100
2018-12-06,159.08,166.48,150.24001,151.16,151.16,74475
2018-12-07,150.67999,163.96001,148.16,161.28,161.28,102375
2018-12-10,161.52,169.2,158.75999,159.72,159.72,25100
2018-12-11,154.72,165.03999,154.36,159.748,159.748,249725
2018-12-12,155.64,158.52,153.72,158.48,158.48,26675
2018-12-13,156.39999,159.60001,154.36,156.03999,156.03999,276850
2018-12-14,159.64,163.32001,157.60001,162.39999,162.39999,19700
2018-12-17,163.92,173.64,161.52,170.36,170.36,930850
2018-12-18,167.60001,175.8,167.24001,171.16,171.16,1290850
2018-12-19,170.0,175.84,162.44,170.56,170.56,57700
2018-12-20,175.0,184.60001,172.08,179.24001,179.24001,53150
2018-12-21,179.44,190.39999,176.75999,188.28,188.28,558725
2018-12-24,190.84,197.84,189.72,197.72,197.72,108400
2018-12-26,196.60001,201.0,186.96001,187.24001,187.24001,147900
2018-12-27,198.75999,207.92,193.64,195.16,195.16,253725
2018-12-28,195.44,201.2,190.48,194.84,194.84,311850
2018-12-31,189.92,192.2,187.56,187.96001,187.96001,201900
2019-01-02,193.88,195.192,181.75999,182.96001,182.96001,513725
2019-01-03,186.39999,194.64,185.16,190.56,190.56,254975
2019-01-04,183.24001,184.12,174.92,175.44,175.44,326375
2019-01-07,174.12,176.56799,169.39999,171.52,171.52,640875
2019-01-08,168.56,174.48,167.52,168.03999,168.03999,236325
2019-01-09,166.67999,167.96001,162.24001,164.08,164.08,998175
2019-01-10,167.0,169.12,162.36,162.36,162.36,452975
2019-01-11,164.8,165.28,157.03999,157.08,157.08,1365725
2019-01-14,161.60001,161.64,155.32001,157.52,157.52,296725
2019-01-15,156.2,156.88,150.48,150.67999,150.67999,564525
2019-01-16,149.12,153.72,148.52,153.72,153.72,1163000
2019-01-17,154.8,154.84,149.67999,152.0,152.0,623825
2019-01-18,147.75999,149.96001,145.36,148.24001,148.24001,648675
2019-01-22,150.0,163.48,149.60001,161.28,161.28,1482850
2019-01-23,158.84,169.96001,158.39999,160.39999,160.39999,1606450
2019-01-24,160.60001,162.56,152.60001,154.72,154.72,1828150
2019-01-25,151.32001,152.32001,148.52,148.92,148.92,3038200
2019-01-28,154.36,159.96001,154.2,155.08,155.08,4965875
2019-01-29,153.24001,157.2,151.98,154.64,154.64,3985900
2019-01-30,152.12,154.88,147.56,147.84,147.84,5240825
2019-01-31,147.60001,147.67999,141.72,141.72,141.72,5523375
2019-02-01,141.32001,142.60001,139.60001,140.36,140.36,6249150
2019-02-04,139.72,140.64,135.36,136.0,136.0,4620450
2019-02-05,134.8,135.92,131.84,134.84,134.84,5169300
2019-02-06,133.75999,135.64,132.32001,134.12,134.12,4199600
2019-02-07,138.2,144.03999,136.08,138.60001,138.60001,7446625
2019-02-08,141.75999,143.08,136.64,136.92,136.92,4806775
2019-02-11,135.08,137.52,134.08,135.44,135.44,3399625
2019-02-12,132.28,133.88,131.39999,133.0,133.0,5241725
2019-02-13,131.92,134.2,131.28,132.67999,132.67999,4603525
2019-02-14,135.72,138.16,132.52,135.08,135.08,6582475
2019-02-15,132.36,133.39999,130.10001,130.36,130.36,6024200
2019-02-19,132.67999,133.08,129.0,130.75999,130.75999,3992900
2019-02-20,129.84,129.84,125.408,125.52,125.52,5777200
2019-02-21,126.08,129.14,123.868,127.16,127.16,5924450
2019-02-22,125.0,125.4,122.08,122.36,122.36,4845825
2019-02-25,119.6,124.68,118.24,124.56,124.56,5110100
2019-02-26,126.44,127.2,123.56,125.6,125.6,3784000
2019-02-27,127.04,130.32001,124.68,125.72,125.72,4924625
2019-02-28,125.8,126.24,123.2,125.64,125.64,3782600
2019-03-01,122.32,124.72,119.92,119.92,119.92,5382850
2019-03-04,118.56,129.2,117.08,122.84,122.84,11180050
2019-03-05,122.52,125.56,121.92,123.56,123.56,4931725
2019-03-06,123.56,128.0,123.44,127.2,127.2,6439475
2019-03-07,128.72,134.60001,128.48,132.03999,132.03999,9924325
2019-03-08,136.08,138.36,132.75999,132.92,132.92,9753700
2019-03-11,130.44,130.44,122.8,123.24,123.24,6661550
2019-03-12,122.0,122.56,119.6,119.76,119.76,5552100
2019-03-13,118.96,119.64,117.44,118.48,118.48,5588975
2019-03-14,118.6,118.816,116.16,116.52,116.52,4934525
2019-03-15,116.0,116.32,112.84,114.36,114.36,5837675
2019-03-18,115.24,117.04,113.64,114.64,114.64,5316425
2019-03-19,112.64,117.24,112.48,115.4,115.4,7808900
2019-03-20,115.72,118.04,112.96,116.64,116.64,8696900
2019-03-21,118.36,118.36,113.808,115.12,115.12,6080425
2019-03-22,117.48,129.16,116.32,128.32001,128.32001,17601850
2019-03-25,128.56,132.0,125.76,128.96001,128.96001,11181100
2019-03-26,123.2,124.92,120.88,121.68,121.68,6631875
2019-03-27,121.36,128.44,120.48,123.52,123.52,9865400
2019-03-28,122.72,124.36,120.42,120.76,120.76,6538400
2019-03-29,118.56,119.24,116.68,117.04,117.04,6735450
2019-04-01,115.88,116.72,114.56,114.96,114.96,5434325
2019-04-02,115.36,115.92,114.12,114.64,114.64,4698275
2019-04-03,112.8,117.14,112.48,115.44,115.44,5877425
2019-04-04,114.8,116.24,113.44,114.28,114.28,4740125
2019-04-05,112.88,113.68,111.88,112.0,112.0,5253125
2019-04-08,112.28,113.12,111.22,111.48,111.48,4579025
2019-04-09,112.96,116.12,112.32,115.44,115.44,4980650
2019-04-10,114.36,115.2,112.0,112.2,112.2,4156050
2019-04-11,110.68,111.48,109.64,110.0,110.0,4827025
2019-04-12,107.8,107.88,104.66,105.04,105.04,6279250
2019-04-15,103.48,107.84,103.2,103.68,103.68,6432375
2019-04-16,103.0,103.6,101.68,102.84,102.84,4570250
2019-04-17,101.12,105.36,100.96,103.56,103.56,6554175
2019-04-18,103.2,105.28,101.72,101.92,101.92,6441925
2019-04-22,103.0,103.84,100.92,101.0,101.0,3815075
2019-04-23,100.4,100.96,99.44,100.2,100.2,4985800
2019-04-24,100.36,102.8,100.16,102.8,102.8,6002875
2019-04-25,103.68,107.74,102.56,104.8,104.8,7097400
2019-04-26,103.64,105.28,101.04,101.16,101.16,4783025
2019-04-29,101.8,102.8,100.94,102.72,102.72,3821500
2019-04-30,102.32,105.64,102.0,102.72,102.72,4841750
2019-05-01,101.56,106.68,101.0,106.6,106.6,6510125
2019-05-02,106.6,110.96,105.04,106.76,106.76,5983925
2019-05-03,103.96,104.16,101.24,101.68,101.68,4046025
2019-05-06,111.84,112.88,106.64,107.44,107.44,10902575
2019-05-07,113.64,128.28,112.56,125.32,125.32,21373425
2019-05-08,123.96,126.16,118.44,122.84,122.84,11171200
2019-05-09,129.60001,133.16,121.84,122.2,122.2,15112750
2019-05-10,123.52,126.56,112.76,112.76,112.76,15238950
2019-05-13,126.68,130.36,123.28,129.8,129.8,15013800
2019-05-14,124.96,125.76,120.92,122.6,122.6,9213600
2019-05-15,126.0,126.872,117.08,117.44,117.44,8022075
2019-05-16,116.52,116.6,111.64,112.4,112.4,7782225
2019-05-17,116.96,117.04,110.92,114.08,114.08,10935575
2019-05-20,117.24,119.2,113.6,115.76,115.76,8184325
2019-05-21,112.0,112.08,109.56,109.92,109.92,5863800
2019-05-22,110.4,110.76,107.72,108.88,108.88,7018850
2019-05-23,113.0,118.0,113.0,116.08,116.08,10686425
2019-05-24,112.68,115.2,111.52,113.68,113.68,6147350
2019-05-28,112.88,117.08,111.04,117.08,117.08,5534575
2019-05-29,119.56,121.48,117.28,119.36,119.36,8255250
2019-05-30,116.44,119.52,115.38,117.24,117.24,5069300
2019-05-31,122.92,123.56,119.62,121.68,121.68,7231300
2019-06-03,121.6,125.64,119.28,122.92,122.92,7259325
2019-06-04,119.24,120.96,116.0,116.08,116.08,6042875
2019-06-05,114.6,117.32,113.24,113.84,113.84,5870000
2019-06-06,112.96,114.2,111.08,111.4,111.4,4618575
2019-06-07,111.08,112.648,110.4,112.24,112.24,5831725
2019-06-10,110.84,112.96,110.44,111.44,111.44,3616725
2019-06-11,109.6,113.2,109.2,111.64,111.64,4710375
2019-06-12,112.44,113.2,110.64,111.12,111.12,3556300
2019-06-13,109.8,111.62,109.32,110.44,110.44,4262975
2019-06-14,111.2,112.24,109.12,109.28,109.28,3420750
2019-06-17,109.16,109.44,107.528,108.12,108.12,3617550
2019-06-18,106.16,107.92,105.4,107.28,107.28,6222425
2019-06-19,106.6,107.72,103.52,103.72,103.72,7417800
2019-06-20,101.84,107.28,101.04,104.04,104.04,8611050
2019-06-21,104.8,107.24,103.54,106.48,106.48,4935175
2019-06-24,105.8,106.08,104.56,105.52,105.52,3158750
2019-06-25,105.6,108.724,105.48,108.2,108.2,4308925
2019-06-26,106.08,108.2,105.56,107.36,107.36,3396650
2019-06-27,106.6,107.18,104.8,105.68,105.68,3722700
2019-06-28,104.52,105.2,103.48,104.0,104.0,4406175
2019-07-01,98.2,100.32,97.84,98.24,98.24,7549450
2019-07-02,98.4,98.4,94.44,94.6,94.6,6505625
2019-07-03,94.68,95.52,93.68,94.04,94.04,3952325
2019-07-05,96.04,98.84,94.0,94.32,94.32,6031225
2019-07-08,96.48,97.88,95.6,96.92,96.92,4503600
2019-07-09,99.84,99.84,96.88,97.2,97.2,3756050
2019-07-10,95.92,95.948,93.98,94.24,94.24,4967000
2019-07-11,92.92,94.4,92.1,92.68,92.68,5265300
2019-07-12,92.04,92.76,91.0,91.2,91.2,4606450
2019-07-15,90.76,91.72,90.32,90.84,90.84,3986350
2019-07-16,90.4,91.6,89.16,91.12,91.12,6353875
2019-07-17,90.32,93.44,89.76,93.44,93.44,7264225
2019-07-18,93.36,94.86,90.84,92.46,92.46,6725925
2019-07-19,90.68,93.72,90.36,93.52,93.52,6555200
2019-07-22,93.4,93.92,90.96,91.64,91.64,5477125
2019-07-23,90.04,91.52,88.32,88.4,88.4,4735850
2019-07-24,89.36,89.48,85.64,86.16,86.16,4706325
2019-07-25,86.64,90.4,86.64,88.8,88.8,7465575
2019-07-26,87.16,87.32,85.84,86.56,86.56,4725375
2019-07-29,86.76,88.0,86.36,87.32,87.32,4153975
2019-07-30,89.04,89.88,87.76,89.36,89.36,5865175
2019-07-31,89.24,97.36,87.72,94.36,94.36,13259525
2019-08-01,94.56,104.56,90.22,101.8,101.8,27271800
2019-08-02,102.0,106.76,101.08,102.64,102.64,17827625
2019-08-05,109.88,118.5,109.12,117.2,117.2,21665850
2019-08-06,112.88,118.68,109.92,109.92,109.92,14962350
2019-08-07,117.76,120.36,109.92,110.48,110.48,13633500
2019-08-08,108.24,109.64,103.48,103.92,103.92,8592275
2019-08-09,105.72,109.86,104.72,107.72,107.72,9574525
2019-08-12,109.4,115.96,109.0,115.56,115.56,6465900
2019-08-13,117.4,117.6,106.84,107.04,107.04,10455325
2019-08-14,114.36,122.0,112.28,121.86,121.86,16777725
2019-08-15,118.88,124.0,117.488,118.68,118.68,8690950
2019-08-16,116.36,116.56,111.84,112.12,112.12,6838850
2019-08-19,107.4,107.988,103.52,103.92,103.92,7090425
2019-08-20,105.04,107.16,104.04,106.4,106.4,6874425
2019-08-21,102.12,102.92,101.0,101.2,101.2,7122450
2019-08-22,100.36,105.84,100.3,103.0,103.0,7783850
2019-08-23,106.52,117.84,101.84,115.84,115.84,19412775
2019-08-26,110.12,115.88,109.76,112.4,112.4,8086825
2019-08-27,110.52,117.56,110.16,114.68,114.68,6651000
2019-08-28,117.32,119.0,112.0,112.08,112.08,6987225
2019-08-29,108.72,109.76,106.32,107.4,107.4,7175475
2019-08-30,105.2,110.56,105.2,108.0,108.0,7020800
2019-09-03,112.0,113.8,110.08,112.76,112.76,9002150
2019-09-04,108.36,110.36,105.72,105.8,105.8,9129850
2019-09-05,103.16,103.4,100.6,101.88,101.88,10376350
2019-09-06,100.56,101.26,98.4,98.88,98.88,7643100
2019-09-09,97.08,100.56,96.88,97.92,97.92,7805700
2019-09-10,99.28,100.72,97.36,97.6,97.6,7478575
2019-09-11,97.48,97.84,95.44,96.08,96.08,8386725
2019-09-12,94.28,95.6,92.68,93.8,93.8,10723625
2019-09-13,92.64,93.32,91.28,92.32,92.32,8149850
2019-09-16,94.4,94.68,92.04,93.68,93.68,6985925
2019-09-17,93.96,94.92,93.16,93.24,93.24,6279825
2019-09-18,92.4,94.768,90.0,90.24,90.24,13000350
2019-09-19,89.0,89.26,87.2,88.6,88.6,8225100
2019-09-20,87.68,93.92,87.32,93.16,93.16,9445800
2019-09-23,93.52,93.76,90.8,92.36,92.36,5756675
2019-09-24,90.08,97.36,89.8,96.64,96.64,15904075
2019-09-25,96.4,99.88,93.6,94.44,94.44,10685550
2019-09-26,94.2,97.04,94.12,95.24,95.24,7833725
2019-09-27,94.04,100.46,93.52,97.84,97.84,13518775
2019-09-30,96.72,96.84,93.92,94.96,94.96,5981500
2019-10-01,92.52,99.2,92.2,99.16,99.16,11764000
2019-10-02,101.92,107.04,101.88,105.8,105.8,20573900
2019-10-03,105.44,108.4,101.72,101.76,101.76,12221700
2019-10-04,101.0,101.08,96.2,96.36,96.36,7423925
2019-10-07,97.68,98.72,95.04,97.08,97.08,7252850
2019-10-08,100.8,105.08,99.72,104.96,104.96,12322125
2019-10-09,101.8,103.32,99.04,101.44,101.44,7426775
2019-10-10,101.28,101.6,97.42,97.72,97.72,8634350
2019-10-11,94.8,95.28,90.48,92.08,92.08,18385250
2019-10-14,92.4,92.44,88.96,89.08,89.08,7048325
2019-10-15,87.36,87.6,85.44,86.76,86.76,10973525
2019-10-16,86.64,87.52,85.48,85.68,85.68,7075025
2019-10-17,84.84,85.72,83.86,85.16,85.16,6450950
2019-10-18,85.52,87.04,84.12,84.96,84.96,8136025
2019-10-21,84.0,84.32,82.64,82.72,82.72,4555775
2019-10-22,82.32,84.12,81.68,84.04,84.04,5040600
2019-10-23,84.6,84.68,82.94,83.0,83.0,4415775
2019-10-24,82.28,83.8,81.68,81.84,81.84,6226750
2019-10-25,82.28,82.4,79.12,79.16,79.16,6495150
2019-10-28,78.84,80.2,78.6,79.92,79.92,6498875
2019-10-29,80.68,81.08,79.34,79.84,79.84,5774625
2019-10-30,79.88,81.82,77.74,77.88,77.88,9691000
2019-10-31,78.72,80.8,78.16,79.0,79.0,7561550
2019-11-01,76.64,77.08,75.36,75.48,75.48,7684850
2019-11-04,74.44,76.24,74.18,75.6,75.6,5518975
2019-11-05,76.0,77.32,75.8,77.16,77.16,5689650
2019-11-06,77.28,78.428,76.64,76.88,76.88,7153825
2019-11-07,75.32,76.76,75.2,76.16,76.16,7727425
2019-11-08,76.36,77.12,74.5,74.56,74.56,6763700
2019-11-11,76.0,76.32,73.6,74.28,74.28,5536600
2019-11-12,73.72,74.12,72.8,73.4,73.4,6735175
2019-11-13,74.2,74.52,73.12,73.92,73.92,6769675
2019-11-14,74.12,74.76,72.72,72.72,72.72,5572100
2019-11-15,71.6,71.92,69.52,69.6,69.6,9368600
2019-11-18,69.64,70.32,69.04,69.52,69.52,6120350
2019-11-19,69.16,70.64,68.88,70.28,70.28,7540350
2019-11-20,70.52,73.56,69.52,71.0,71.0,11390475
2019-11-21,70.56,72.56,70.36,71.16,71.16,7719900
2019-11-22,70.04,70.8,69.04,69.12,69.12,6631025
2019-11-25,67.6,67.6,65.84,66.12,66.12,6786250
2019-11-26,65.6,66.0,64.8,65.16,65.16,7159900
2019-11-27,64.62,64.88,64.4,64.84,64.84,4740700
2019-11-29,65.4,66.16,65.12,66.16,66.16,4319725
2019-12-02,66.08,70.52,65.84,69.6,69.6,13579700
2019-12-03,74.96,76.16,73.24,73.64,73.64,23443275
2019-12-04,71.36,71.92,69.36,70.24,70.24,10641750
2019-12-05,69.16,71.52,69.04,69.32,69.32,8347525
2019-12-06,66.68,67.88,66.32,66.92,66.92,9793850
2019-12-09,67.2,70.46,66.86,70.4,70.4,9455500
2019-12-10,70.0,71.88,69.08,70.52,70.52,8890375
2019-12-11,69.76,70.16,68.44,68.88,68.88,7274625
2019-12-12,68.72,69.16,64.72,64.8,64.8,16025875
2019-12-13,64.52,66.16,62.04,62.12,62.12,18427925
2019-12-16,60.28,60.84,59.52,60.8,60.8,8546550
2019-12-17,60.2,61.12,59.88,60.36,60.36,7571750
2019-12-18,59.64,61.0,59.472,60.96,60.96,7436000
2019-12-19,60.72,61.0,59.44,59.44,59.44,7231500
2019-12-20,59.24,60.16,59.04,60.16,60.16,6292525
2019-12-23,60.0,60.52,59.88,60.36,60.36,3778850
2019-12-24,60.12,60.404,59.6,59.76,59.76,2578875
2019-12-26,59.28,59.8,59.2,59.68,59.68,3389200
2019-12-27,59.44,61.56,59.4,60.92,60.92,6606000
2019-12-30,61.44,63.84,61.4,63.04,63.04,8561025
2019-12-31,63.88,64.24,60.24,60.48,60.48,8281575
2020-01-02,58.84,60.16,58.0,58.04,58.04,7078100
2020-01-03,62.68,62.96,59.8,61.16,61.16,12039150
2020-01-06,62.96,63.164,60.32,60.32,60.32,6514300
2020-01-07,60.64,61.44,59.4,60.04,60.04,6833775
2020-01-08,59.64,60.0,57.32,59.2,59.2,12063125
2020-01-09,57.52,58.08,56.68,56.72,56.72,8021725
2020-01-10,56.64,57.14,55.84,56.48,56.48,8228775
2020-01-13,55.84,56.44,54.96,55.04,55.04,7040325
2020-01-14,55.16,55.6,54.04,54.64,54.64,8340475
2020-01-15,54.64,54.84,54.04,54.48,54.48,7597775
2020-01-16,53.68,53.82,53.04,53.16,53.16,6890825
2020-01-17,53.16,54.24,53.0,53.28,53.28,8372600
2020-01-21,54.0,54.08,52.6,53.72,53.72,10351950
2020-01-22,52.68,54.16,52.68,54.16,54.16,9117925
2020-01-23,55.0,55.88,53.8,53.96,53.96,8732350
2020-01-24,53.08,58.12,52.84,56.96,56.96,25634250
2020-01-27,61.88,62.92,60.48,62.84,62.84,20675775
2020-01-28,61.32,61.8,59.04,59.32,59.32,13437250
2020-01-29,58.28,60.36,57.68,59.4,59.4,10440675
2020-01-30,61.68,63.0,58.4,58.4,58.4,16801750
2020-01-31,59.64,66.8,59.64,64.8,64.8,26894650
2020-02-03,63.16,64.08,60.88,62.32,62.32,12925700
2020-02-04,59.64,60.04,58.44,59.32,59.32,11827525
2020-02-05,57.16,58.92,56.8,56.8,56.8,11848825
2020-02-06,56.32,57.52,56.0,56.36,56.36,9674900
2020-02-07,58.0,58.68,56.6,57.52,57.52,11647700
2020-02-10,58.04,58.04,56.16,56.4,56.4,8922800
2020-02-11,55.52,56.72,55.2,56.48,56.48,9229950
2020-02-12,55.44,55.72,53.52,53.6,53.6,9982125
2020-02-13,55.36,55.876,54.12,54.76,54.76,8440800
2020-02-14,54.24,55.26,53.88,54.08,54.08,8393025
2020-02-18,55.12,56.12,54.28,55.04,55.04,10212175
2020-02-19,54.04,54.64,53.68,54.24,54.24,9042125
2020-02-20,54.44,57.96,54.0,56.16,56.16,20689250
2020-02-21,57.92,61.2,57.36,59.6,59.6,21607325
2020-02-24,68.64,71.0,65.4,70.68,70.68,36219325
2020-02-25,68.24,79.4,67.72,77.36,77.36,44979850
2020-02-26,74.88,78.56,72.28,75.72,75.72,33346975
2020-02-27,82.6,88.0,80.44,88.0,88.0,42263525
2020-02-28,98.84,100.0,90.72,91.24,91.24,36504800
2020-03-02,88.8,94.42,87.64,88.12,88.12,28015600
2020-03-03,87.8,100.32,84.34,97.8,97.8,31361125
2020-03-04,93.6,97.16,90.96,92.0,92.0,21855825
2020-03-05,100.72,110.72,98.56,106.72,106.72,30423850
2020-03-06,126.64,130.72,116.96,119.28,119.28,35205550
2020-03-09,162.60001,164.67999,140.64,147.84,147.84,18693000
2020-03-10,132.0,148.64,131.08,136.44,136.44,14979175
2020-03-11,147.36,157.8,145.39999,154.64,154.64,12278200
2020-03-12,180.39999,195.12,166.2,189.44,189.44,16277025
2020-03-13,168.48,197.72,168.08,172.8,172.8,16477375
2020-03-16,220.0,247.88,206.16,236.84,236.84,12150025
2020-03-17,230.32001,250.48,216.92,234.03999,234.03999,12297975
2020-03-18,263.79999,315.35999,247.39999,276.0,276.0,18955550
2020-03-19,295.20001,307.60001,223.60001,248.0,248.0,20707425
2020-03-20,237.52,252.32001,210.08,242.2,242.2,14763450
2020-03-23,229.48,236.16,197.0,204.52,204.52,9849450
2020-03-24,167.44,190.96001,158.0,188.60001,188.60001,9108250
2020-03-25,192.72,210.67999,190.67999,203.60001,203.60001,6339350
2020-03-26,196.60001,198.84,182.44,182.48,182.48,7809350
2020-03-27,201.36,202.88,193.64,202.39999,202.39999,5857225
2020-03-30,202.08,207.60001,194.32001,194.52,194.52,7995075
2020-03-31,196.0,197.03999,181.67999,185.0,185.0,7879400
2020-04-01,197.67999,203.56,188.24001,200.88,200.88,4763675
2020-04-02,198.32001,201.60001,188.82001,189.44,189.44,5383750
2020-04-03,188.0,191.39999,180.0,181.8,181.8,6681550
2020-04-06,168.44,172.28,166.08,168.84,168.84,4954450
2020-04-07,163.64,174.64,163.12,173.64,173.64,7011675
2020-04-08,171.36,174.88,167.67999,169.60001,169.60001,5220675
2020-04-09,168.52,171.56,165.5,166.28,166.28,5851850
2020-04-13,165.2,169.72,162.48,162.84,162.84,3706575
2020-04-14,153.60001,154.48,148.0,149.64,149.64,4494625
2020-04-15,160.0,165.72,157.3,161.64,161.64,5211575
2020-04-16,163.36,167.72,161.32001,162.96001,162.96001,4666350
2020-04-17,156.24001,161.67999,155.24001,156.2,156.2,4491675
2020-04-20,164.67999,172.0,160.52,171.36,171.36,4824275
2020-04-21,184.16,192.60001,182.88,185.67999,185.67999,6533300
2020-04-22,178.88,182.32001,174.84,176.75999,176.75999,4017575
2020-04-23,173.92,179.52,170.8,176.24001,176.24001,4641325
2020-04-24,172.67999,175.2,165.84399,166.08,166.08,3690650
2020-04-27,161.84,161.88,151.64,153.84,153.84,5774525
2020-04-28,148.39999,158.26401,147.84,156.28,156.28,5672300
2020-04-29,147.44,148.03999,143.39999,146.82001,146.82001,5051550
2020-04-30,149.96001,156.88,149.75999,151.48,151.48,4266225
2020-05-01,164.39999,168.28,161.24001,164.75999,164.75999,5164350
2020-05-04,170.32001,172.0,160.72,161.03999,161.03999,3378125
2020-05-05,154.8,155.8,150.24001,154.67999,154.67999,4456225
2020-05-06,151.92,157.10001,150.828,156.84,156.84,3786325
2020-05-07,151.52,152.38,148.72,149.88,149.88,4410500
2020-05-08,145.84,146.92,139.8,139.8,139.8,4867900
2020-05-11,143.56,143.89999,130.0,130.48,130.48,4733850
2020-05-12,126.512,144.0,125.68,143.60001,143.60001,6108100
2020-05-13,145.36,164.64,142.36,158.60001,158.60001,10831775
2020-05-14,166.28,171.44,149.88,149.88,149.88,8677975
2020-05-15,157.0,159.84,146.39999,146.39999,146.39999,6311825
2020-05-18,136.39999,139.67999,135.24001,136.96001,136.96001,6321025
2020-05-19,137.72,144.39999,134.67999,144.12,144.12,5756250
2020-05-20,137.44,140.36,134.8,134.8,134.8,8109800
2020-05-21,135.28,141.52,133.39999,138.72,138.72,6083675
2020-05-22,139.60001,141.72,136.8,137.39999,137.39999,3840325
2020-05-26,130.92,136.42,130.48,135.32001,135.32001,4798600
2020-05-27,131.84,141.39999,131.58,132.60001,132.60001,6655275
2020-05-28,134.24001,139.18401,132.53999,137.92,137.92,5805375
2020-05-29,138.64,141.16,132.52,132.52,132.52,8143050
2020-06-01,136.24001,136.75999,132.92,133.67999,133.67999,3870025
2020-06-02,132.88,134.612,129.84,129.96001,129.96001,5699000
2020-06-03,127.52,128.16,123.76,124.36,124.36,6204950
2020-06-04,125.16,126.32,119.72,123.36,123.36,7249625
2020-06-05,115.84,118.32,115.32,116.68,116.68,6918975
2020-06-08,116.08,120.44,115.84,119.28,119.28,4146800
2020-06-09,122.76,126.008,121.84,125.08,125.08,5991125
2020-06-10,126.0,128.39999,119.6,124.52,124.52,7538875
2020-06-11,138.28,169.2,132.52,166.44,166.44,25924175
2020-06-12,153.60001,180.12,149.67999,154.84,154.84,17010500
2020-06-15,168.88,174.48,149.48,150.88,150.88,10042825
2020-06-16,141.12,156.048,139.96001,147.48,147.48,13360400
2020-06-17,146.32001,152.08,145.60001,147.92,147.92,8519600
2020-06-18,150.16,151.72,145.12,145.24001,145.24001,6501850
2020-06-19,141.75999,152.52,140.60001,147.56,147.56,10771300
2020-06-22,148.60001,150.56,139.92,140.36,140.36,8555950
2020-06-23,134.08,138.84,133.672,137.8,137.8,7521425
2020-06-24,142.8,153.36,138.75999,146.88,146.88,16092800
2020-06-25,149.32001,152.52,141.0,141.56,141.56,8958750
2020-06-26,141.8,151.72,141.28,150.0,150.0,11173925
2020-06-29,147.52,152.392,142.48,142.72,142.72,6241725
2020-06-30,143.98399,144.396,134.39999,135.8,135.8,6738400
2020-07-01,133.48,135.64,130.64,131.56,131.56,6205525
2020-07-02,126.2,130.32001,124.12,129.28,129.28,6983975
2020-07-06,125.08,130.62,124.76,129.12,129.12,5901425
2020-07-07,130.2,134.0,126.66,133.56,133.56,6155900
2020-07-08,131.56,135.84,129.84,130.2,130.2,6190675
2020-07-09,130.36,138.03999,129.32001,132.24001,132.24001,8074975
2020-07-10,133.12,135.912,128.52,128.60001,128.60001,5720700
2020-07-13,127.24,141.56,126.92,140.96001,140.96001,8623475
2020-07-14,141.08,144.03999,132.48,132.84,132.84,11530850
2020-07-15,128.88,134.72,128.52,129.03999,129.03999,7136175
2020-07-16,132.28,132.28,126.4,127.04,127.04,6887700
2020-07-17,125.72,126.92,122.28,122.48,122.48,4787400
2020-07-20,120.88,121.56,114.92,116.92,116.92,6717850
2020-07-21,114.0,119.4,112.6,117.96,117.96,8986750
2020-07-22,118.6,120.364,116.52,116.64,116.64,5632425
2020-07-23,115.6,122.72,114.8,120.28,120.28,8791175
2020-07-24,124.08,125.82,120.56,120.68,120.68,8248275
2020-07-27,119.16,120.74,117.08,117.36,117.36,5213500
2020-07-28,117.32,118.32,112.92,116.68,116.68,6415475
2020-07-29,115.08,116.36,113.68,114.28,114.28,5236575
2020-07-30,119.44,125.08,116.0,116.8,116.8,8130625
2020-07-31,113.68,119.72,113.52,114.08,114.08,7686250
2020-08-03,113.24,115.032,112.44,113.84,113.84,5011375
2020-08-04,113.44,113.44,110.12,110.48,110.48,4924325
2020-08-05,108.72,110.32,107.8,108.16,108.16,5105200
2020-08-06,108.44,109.32,106.6,106.96,106.96,5409400
2020-08-07,108.24,108.56,105.08,106.12,106.12,7379275
2020-08-10,104.56,106.2,102.64,103.0,103.0,6440750
2020-08-11,100.6,108.56,100.12,107.8,107.8,9027925
2020-08-12,103.72,104.12,101.26,102.12,102.12,7084700
2020-08-13,102.68,103.4,99.6,102.04,102.04,7129350
2020-08-14,102.92,103.76,101.24,101.76,101.76,6763750
2020-08-17,99.56,100.4,97.68,98.36,98.36,4901300
2020-08-18,97.52,99.72,96.4,97.32,97.32,5534825
2020-08-19,96.52,99.76,95.8,99.08,99.08,8906150
2020-08-20,102.96,103.36,97.6,98.0,98.0,8860550
2020-08-21,99.76,100.16,97.94,98.52,98.52,6429400
2020-08-24,95.8,99.14,95.52,98.08,98.08,6883300
2020-08-25,98.4,101.3,96.92,97.56,97.56,6560725
2020-08-26,96.96,100.36,94.56,99.72,99.72,7418275
2020-08-27,98.76,110.8,97.72,102.88,102.88,13463950
2020-08-28,104.08,108.44,100.64,102.32,102.32,8710425
2020-08-31,105.2,108.36,102.72,107.4,107.4,9084200
2020-09-01,107.4,109.84,106.56,109.08,109.08,7219250
2020-09-02,108.96,112.92,108.52,111.76,111.76,10132175
2020-09-03,113.28,131.03999,109.216,126.84,126.84,29757600
2020-09-04,123.64,136.32001,114.16,115.68,115.68,27723225
2020-09-08,124.96,126.0,112.64,113.12,113.12,15979675
2020-09-09,110.244,111.4,105.4,107.32,107.32,9478975
2020-09-10,106.36,111.12,105.44,108.52,108.52,9801400
2020-09-11,105.56,108.72,101.96,102.08,102.08,10645925
2020-09-14,100.68,101.8,98.84,100.28,100.28,7572125
2020-09-15,99.28,101.96,98.76,100.12,100.12,6376075
2020-09-16,99.48,100.0,97.1,99.84,99.84,7435625
2020-09-17,102.92,103.24,97.12,97.56,97.56,7776750
2020-09-18,96.84,99.92,94.68,97.48,97.48,8654425
2020-09-21,101.6,106.6,100.18,100.64,100.64,9971300
2020-09-22,100.48,104.16,100.44,101.44,101.44,5823700
2020-09-23,101.08,106.88,100.6,106.8,106.8,7324825
2020-09-24,106.92,108.0,102.96,104.76,104.76,6855100
2020-09-25,104.88,105.68,101.52,102.16,102.16,5908050
2020-09-28,101.32,102.6,101.04,101.44,101.44,4565325
2020-09-29,101.88,102.0,98.22,99.76,99.76,5655950
2020-09-30,98.44,100.72,97.16,99.6,99.6,6431850
2020-10-01,98.44,101.6,98.44,100.04,100.04,6037625
2020-10-02,105.24,105.52,101.16,103.12,103.12,7483600
2020-10-05,102.12,103.2,99.1,99.88,99.88,5211750
2020-10-06,99.04,102.16,97.168,101.28,101.28,8701600
2020-10-07,99.32,99.72,97.24,97.96,97.96,4862300
2020-10-08,96.84,97.4,93.84,94.04,94.04,6309750
2020-10-09,91.24,91.28,89.12,89.16,89.16,7283525
2020-10-12,87.6,89.16,87.12,87.4,87.4,7814250
2020-10-13,88.4,90.36,87.84,88.6,88.6,5848825
2020-10-14,87.8,89.04,86.32,87.68,87.68,7393725
2020-10-15,91.64,92.4,88.16,88.44,88.44,8151650
2020-10-16,88.32,89.08,86.96,89.08,89.08,5859825
2020-10-19,88.6,93.52,88.44,92.96,92.96,6951450
2020-10-20,92.32,93.44,91.48,92.92,92.92,7437925
2020-10-21,92.4,93.64,90.128,90.72,90.72,6793550
2020-10-22,90.56,91.36,87.76,88.6,88.6,5668675
2020-10-23,88.24,90.64,88.08,88.68,88.68,4731300
2020-10-26,90.8,98.28,89.88,96.68,96.68,12723175
2020-10-27,96.672,98.76,95.0,97.08,97.08,8526150
2020-10-28,104.4,111.072,103.08,110.92,110.92,19288075
2020-10-29,108.68,110.84,99.76,103.0,103.0,11750425
2020-10-30,104.72,108.04,103.08,106.12,106.12,10005575
2020-11-02,101.32,105.2,101.0,103.76,103.76,10383325
2020-11-03,100.6,101.24,96.76,98.04,98.04,9736425
2020-11-04,94.0,94.24,88.8,89.4,89.4,16301900
2020-11-05,86.56,88.92,85.76,87.92,87.92,9129125
2020-11-06,87.2,87.28,82.04,82.08,82.08,10651450
2020-11-09,76.32,80.44,72.88,80.28,80.28,14982575
2020-11-10,78.28,81.2,77.68,77.88,77.88,8493075
2020-11-11,76.6,77.6,74.52,75.96,75.96,8217275
2020-11-12,77.112,83.0,76.28,81.32,81.32,16717675
2020-11-13,78.6,78.68,75.0,76.32,76.32,9463000
2020-11-16,74.44,77.2,74.16,74.16,74.16,8109925
2020-11-17,75.96,76.4,73.04,73.2,73.2,8178275
2020-11-18,72.44,76.0,71.68,75.36,75.36,9119625
2020-11-19,75.16,76.28,73.32,74.56,74.56,7127700
2020-11-20,74.48,74.72,72.96,74.4,74.4,7244075
2020-11-23,73.4,74.9,72.16,73.44,73.44,8152725
2020-11-24,71.92,73.46,71.76,72.2,72.2,8450425
2020-11-25,72.28,73.24,69.44,69.56,69.56,6235150
2020-11-27,69.0,70.552,68.4,70.04,70.04,4123650
2020-11-30,70.28,72.68,68.6,68.72,68.72,7110800
2020-12-01,68.04,69.68,67.6,69.4,69.4,9491750
2020-12-02,69.52,69.52,67.56,69.04,69.04,7652975
2020-12-03,68.2,70.26,68.0,69.68,69.68,8596825
2020-12-04,68.84,68.88,67.8,68.44,68.44,8656400
2020-12-07,69.16,69.54,68.48,68.84,68.84,7489850
2020-12-08,69.28,69.38,66.36,66.36,66.36,7457475
2020-12-09,65.64,69.4,65.12,68.8,68.8,16765625
2020-12-10,69.36,69.88,67.54,69.44,69.44,11550875
2020-12-11,71.16,73.92,70.08,72.0,72.0,14058150
2020-12-14,69.68,73.92,69.04,73.64,73.64,9848425
2020-12-15,71.96,72.8,70.16,70.24,70.24,10592100
2020-12-16,70.08,70.84,67.88,67.96,67.96,10421775
2020-12-17,68.08,68.48,66.48,67.0,67.0,9801025
2020-12-18,67.52,70.28,67.48,68.32,68.32,12979075
2020-12-21,75.12,77.88,72.24,73.76,73.76,22317675
2020-12-22,72.92,73.92,72.04,72.44,72.44,9027700
2020-12-23,70.88,71.06,68.24,69.52,69.52,8262275
2020-12-24,68.52,68.56,67.5,67.52,67.52,3509425
2020-12-28,66.52,67.36,66.24,67.28,67.28,5023750
2020-12-29,66.32,71.04,66.24,69.72,69.72,9087975
2020-12-30,69.4,69.72,66.96,67.2,67.2,6893100
2020-12-31,67.12,68.28,65.84,67.16,67.16,7337175
2021-01-04,67.08,75.2,67.0,73.0,73.0,17689950
2021-01-05,74.76,74.84,69.94,70.56,70.56,11652575
2021-01-06,69.88,72.0,66.16,70.2,70.2,18566000
2021-01-07,67.2,67.48,66.0,66.0,66.0,9767075
2021-01-08,65.6,67.76,64.924,65.4,65.4,11105875
2021-01-11,67.8,69.6,66.76,69.36,69.36,10320875
2021-01-12,67.8,69.8,66.8,67.0,67.0,8408025
2021-01-13,66.96,67.44,65.36,65.96,65.96,7319875
2021-01-14,65.4,67.08,64.56,66.72,66.72,9417700
2021-01-15,67.72,70.0,66.72,68.44,68.44,14436825
2021-01-19,66.76,67.72,66.12,66.52,66.52,10834950
2021-01-20,65.64,66.6,64.88,65.24,65.24,8728275
2021-01-21,65.28,66.32,64.6,64.72,64.72,10698650
2021-01-22,66.32,66.7,64.8,65.6,65.6,10740475
2021-01-25,66.2,71.1,65.76,68.24,68.24,18518550
2021-01-26,67.04,68.8,64.2,68.8,68.8,12164475
2021-01-27,70.68,82.24,70.56,81.0,81.0,31098150
2021-01-28,77.52,81.12,75.28,79.16,79.16,19174275
2021-01-29,81.16,87.04,76.76,84.32,84.32,30786875
2021-02-01,80.36,85.16,78.42,79.52,79.52,16282500
2021-02-02,75.64,75.84,72.0,72.76,72.76,10596175
2021-02-03,71.16,72.24,68.88,69.0,69.0,9367475
2021-02-04,67.52,67.68,66.0,66.0,66.0,7631900
2021-02-05,65.68,67.24,65.64,65.88,65.88,8669075
2021-02-08,65.52,66.52,65.32,65.32,65.32,6520675
2021-02-09,66.24,66.68,64.76,65.6,65.6,8565325
2021-02-10,65.16,68.6,65.04,66.68,66.68,16738875
2021-02-11,65.84,68.16,65.04,65.12,65.12,12311900
2021-02-12,65.72,65.72,62.84,62.96,62.96,12277700
2021-02-16,63.24,64.36,62.4,63.64,63.64,13395425
2021-02-17,64.64,65.72,62.12,62.32,62.32,13799550
2021-02-18,64.08,64.88,62.0,62.64,62.64,13717250
2021-02-19,62.08,62.26,59.68,60.4,60.4,15574325
2021-02-22,62.4,62.96,60.6,62.92,62.92,13786200
2021-02-23,63.28,66.4,60.24,60.32,60.32,23321050
2021-02-24,61.92,62.56,57.76,57.92,57.92,14923475
2021-02-25,59.2,68.8,58.2,67.16,67.16,38903850
2021-02-26,64.324,69.16,62.6,64.12,64.12,30336325
2021-03-01,60.32,60.32,58.6,59.36,59.36,13451400
2021-03-02,59.48,60.196,58.64,59.88,59.88,12456875
2021-03-03,59.44,62.6,58.92,62.44,62.44,25533550
2021-03-04,61.72,67.844,60.32,65.08,65.08,30642850
2021-03-05,62.6,66.96,60.28,60.48,60.48,25969300
2021-03-08,60.6,62.08,59.32,61.56,61.56,17492700
2021-03-09,59.84,60.12,58.36,59.08,59.08,13217550
2021-03-10,57.48,58.78,57.48,58.32,58.32,11413400
2021-03-11,57.4,57.52,56.48,56.88,56.88,10685375
2021-03-12,57.92,58.12,55.8,55.8,55.8,11852025
2021-03-15,55.64,56.06,52.44,52.64,52.64,12571350
2021-03-16,52.56,52.72,51.08,52.64,52.64,12806700
2021-03-17,53.2,53.5,50.28,50.36,50.36,16423575
2021-03-18,51.44,53.64,50.4,53.16,53.16,15605975
2021-03-19,52.84,54.24,50.8,51.08,51.08,14359250
2021-03-22,50.48,50.76,47.4,47.76,47.76,12056625
2021-03-23,48.12,50.9,47.92,50.0,50.0,15349450
2021-03-24,48.96,50.48,47.96,50.44,50.44,11971525
2021-03-25,50.76,53.2,48.64,48.92,48.92,18670000
2021-03-26,48.04,49.96,46.4,46.96,46.96,19741150
2021-03-29,48.04,49.48,47.56,48.04,48.04,15851350
2021-03-30,48.04,48.6,45.92,45.96,45.96,11819025
2021-03-31,45.52,46.6,44.76,45.6,45.6,14684525
2021-04-01,45.0,45.28,43.88,44.2,44.2,11994825
2021-04-05,42.84,43.58,42.68,43.08,43.08,13201450
2021-04-06,43.04,43.38,42.32,43.08,43.08,11132300
2021-04-07,43.08,43.22,41.76,41.96,41.96,10051600
2021-04-08,41.36,41.76,40.92,41.32,41.32,10664025
2021-04-09,41.68,41.94,40.56,41.24,41.24,11981400
2021-04-12,41.56,42.36,40.64,40.64,40.64,10427550
2021-04-13,40.68,40.84,40.0,40.36,40.36,12164075
2021-04-14,40.52,41.48,40.16,41.24,41.24,14926950
2021-04-15,40.24,40.44,39.64,39.88,39.88,13289375
2021-04-16,39.84,40.16,38.92,39.24,39.24,12350750
2021-04-19,39.56,41.8,39.4,40.68,40.68,20708275
2021-04-20,41.2,42.96,40.84,41.6,41.6,21666575
2021-04-21,41.8,42.32,39.16,39.36,39.36,13573750
2021-04-22,39.32,42.56,39.08,41.8,41.8,28042300
2021-04-23,41.37,41.58,39.28,40.17,40.17,31214900
2021-04-26,39.77,40.428,39.632,39.82,39.82,11530400
2021-04-27,39.59,40.24,38.84,39.01,39.01,13862300
2021-04-28,38.84,39.39,38.49,38.87,38.87,14357000
2021-04-29,38.15,40.17,38.0,38.57,38.57,21675800
2021-04-30,39.41,40.53,38.93,40.16,40.16,19490200
2021-05-03,39.2,39.62,38.7,38.75,38.75,15508600
2021-05-04,39.75,42.39,39.46,40.21,40.21,35515300
2021-05-05,39.5,40.425,38.48,39.19,39.19,20343200
2021-05-06,39.3,40.88,38.825,38.95,38.95,22085800
2021-05-07,38.92,39.03,36.575,36.74,36.74,18431100
2021-05-10,36.68,38.4,36.04,38.35,38.35,24610400
2021-05-11,40.53,42.15,39.3,41.21,41.21,40345100
2021-05-12,42.78,49.95,42.66,48.395,48.395,72180700
2021-05-13,45.68,45.71,42.44,43.75,43.75,43257400
2021-05-14,41.47,41.5,38.22,38.605,38.605,22618400
2021-05-17,39.37,41.41,38.65,39.87,39.87,33846900
2021-05-18,39.38,40.61,38.42,40.45,40.45,28257900
2021-05-19,43.11,46.32,42.055,42.35,42.35,64813800
2021-05-20,41.18,41.76,39.6,39.99,39.99,29556700
2021-05-21,39.33,40.02,38.85,39.48,39.48,24667000
2021-05-24,38.67,38.73,37.3,37.73,37.73,15660600
2021-05-25,37.47,38.35,37.375,37.7,37.7,18781900
2021-05-26,37.14,37.27,35.75,35.9,35.9,22880600
2021-05-27,35.5,35.52,33.93,34.16,34.16,18914200
2021-05-28,33.82,34.75,33.66,34.7,34.7,16924900
2021-06-01,33.85,35.57,33.68,35.53,35.53,19229400
2021-06-02,35.12,35.45,34.11,34.61,34.61,19932400
2021-06-03,35.676,36.18,34.722,35.25,35.25,24713600
2021-06-04,34.13,34.13,33.25,33.39,33.39,19782400
2021-06-07,33.36,33.7,32.72,32.79,32.79,14137300
2021-06-08,32.6,33.88,32.52,33.14,33.14,20537300
2021-06-09,32.81,33.91,32.76,33.68,33.68,16125600
2021-06-10,32.79,32.98,31.64,31.73,31.73,24325100
2021-06-11,31.06,31.16,30.58,30.82,30.82,19847100
2021-06-14,30.73,31.69,30.63,31.11,31.11,20280600
2021-06-15,31.25,32.03,31.1,31.79,31.79,21526200
2021-06-16,31.37,32.929,30.81,32.07,32.07,49202100
2021-06-17,32.16,32.585,30.775,31.89,31.89,31179000
2021-06-18,33.39,34.88,32.5,34.69,34.69,50294000
2021-06-21,33.45,34.48,32.04,32.54,32.54,23109900
2021-06-22,32.74,32.91,30.86,30.87,30.87,18504900
2021-06-23,30.47,30.62,29.97,30.29,30.29,15040400
2021-06-24,29.52,29.88,29.42,29.7,29.7,14285100
2021-06-25,29.56,29.9,29.15,29.15,29.15,15929200
2021-06-28,28.98,29.63,28.84,29.15,29.15,17049900
2021-06-29,28.99,29.84,28.88,29.77,29.77,14229300
2021-06-30,29.99,30.18,29.18,29.46,29.46,19095900
2021-07-01,29.15,29.418,28.902,28.98,28.98,17944800
2021-07-02,28.27,29.105,28.07,28.91,28.91,27155700
2021-07-06,28.66,30.45,28.63,29.57,29.57,25319300
2021-07-07,29.25,30.63,29.19,29.63,29.63,19595900
2021-07-08,32.24,32.47,31.03,31.55,31.55,36928700
2021-07-09,30.59,30.79,29.28,29.43,29.43,23346300
2021-07-12,29.51,29.66,29.03,29.24,29.24,14056700
2021-07-13,29.25,29.7,28.61,29.59,29.59,22036500
2021-07-14,28.89,29.96,28.65,28.91,28.91,27004800
2021-07-15,29.68,30.02,29.14,29.33,29.33,32807300
2021-07-16,28.69,30.62,28.51,30.55,30.55,26681300
2021-07-19,32.31,37.04,32.0,34.91,34.91,79128300
2021-07-20,34.64,35.23,31.53,31.97,31.97,35415500
2021-07-21,31.24,31.36,29.87,29.94,29.94,24336700
2021-07-22,30.12,30.94,29.7,30.47,30.47,24605600
2021-07-23,29.82,30.44,29.74,30.33,30.33,23220800
2021-07-26,30.69,31.06,29.85,29.85,29.85,20693800
2021-07-27,30.51,32.43,30.51,30.86,30.86,39801200
2021-07-28,30.54,31.42,29.54,29.99,29.99,30244200
2021-07-29,29.85,29.85,29.285,29.49,29.49,15717500
2021-07-30,30.55,30.6,29.52,30.21,30.21,21891900
2021-08-02,29.88,31.54,29.75,31.38,31.38,22800000
2021-08-03,30.88,31.71,29.8,29.81,29.81,28969800
2021-08-04,30.37,30.49,29.48,29.77,29.77,17487500
2021-08-05,29.5,29.54,29.01,29.05,29.05,18181000
2021-08-06,28.76,28.945,28.26,28.3,28.3,19026400
2021-08-09,28.23,28.55,27.77,28.01,28.01,20829200
2021-08-10,27.63,27.93,27.23,27.53,27.53,17499600
2021-08-11,27.31,27.53,26.66,26.78,26.78,19714500
2021-08-12,26.96,27.05,25.94,26.24,26.24,18388100
2021-08-13,25.87,26.39,25.755,26.28,26.28,16970400
2021-08-16,26.93,27.48,26.32,26.32,26.32,32470200
2021-08-17,27.17,28.56,26.77,27.2,27.2,52000600
2021-08-18,27.58,29.315,27.18,29.07,29.07,38167500
2021-08-19,30.41,30.9,28.93,30.015,30.015,73950800
2021-08-20,29.56,29.71,27.53,27.76,27.76,34256300
2021-08-23,26.99,26.996,26.36,26.81,26.81,23755600
2021-08-24,26.68,26.925,26.53,26.71,26.71,16860800
2021-08-25,26.62,26.76,26.04,26.13,26.13,14731500
2021-08-26,26.5,27.58,26.27,27.25,27.25,35935800
2021-08-27,26.84,26.85,25.65,25.85,25.85,26675300
2021-08-30,25.54,25.89,25.42,25.59,25.59,18911900
2021-08-31,25.75,25.97,25.445,25.49,25.49,15950200
2021-09-01,25.33,25.55,24.65,24.82,24.82,19214400
2021-09-02,24.57,25.26,24.51,24.77,24.77,24455800
2021-09-03,25.2,25.43,24.73,24.94,24.94,27318900
2021-09-07,25.12,25.791,25.09,25.55,25.55,23409000
2021-09-08,26.04,26.45,25.44,25.51,25.51,28293800
2021-09-09,25.72,26.17,24.96,26.05,26.05,29233600
2021-09-10,25.15,27.22,24.92,27.06,27.06,37098500
2021-09-13,25.89,27.31,25.76,26.09,26.09,45584900
2021-09-14,25.7,26.9,25.51,26.46,26.46,41913400
2021-09-15,25.97,26.54,25.24,25.43,25.43,33428400
2021-09-16,25.58,26.18,24.905,25.18,25.18,36471100
2021-09-17,25.3,26.9,25.13,26.81,26.81,45550300
2021-09-20,28.92,32.41,28.25,29.74,29.74,101854800
2021-09-21,28.9,30.38,28.21,28.86,28.86,54071600
2021-09-22,27.92,28.31,26.49,27.07,27.07,55003800
2021-09-23,26.2,26.249,25.255,25.36,25.36,47090800
2021-09-24,25.98,26.03,24.53,24.58,24.58,34217500
2021-09-27,24.74,25.05,24.37,24.82,24.82,26043900
2021-09-28,25.87,27.98,25.63,27.41,27.41,76194000
2021-09-29,27.24,28.04,26.91,27.81,27.81,45598200
2021-09-30,27.07,28.325,26.44,27.83,27.83,59459300
2021-10-01,27.23,28.19,26.15,26.82,26.82,42129500
2021-10-04,26.85,28.5,26.61,27.57,27.57,56766900
2021-10-05,27.34,27.55,26.04,26.55,26.55,32795400
2021-10-06,27.19,28.28,26.15,26.21,26.21,52529900
2021-10-07,25.77,25.77,25.18,25.26,25.26,27069900
2021-10-08,24.95,25.19,24.6,24.79,24.79,32690500
2021-10-11,25.0,25.14,24.15,25.12,25.12,26813000
2021-10-12,24.72,25.19,24.34,24.61,24.61,24718000
2021-10-13,24.48,25.01,24.07,24.14,24.14,38537400
2021-10-14,23.36,23.49,22.79,22.81,22.81,33950900
2021-10-15,22.61,22.94,22.18,22.79,22.79,29412600
2021-10-18,23.15,23.21,22.33,22.37,22.37,21147900
2021-10-19,22.22,22.42,22.0,22.15,22.15,25084900
2021-10-20,22.2,22.26,21.83,21.95,21.95,25647800
2021-10-21,22.09,22.195,21.19,21.22,21.22,25902500
2021-10-22,21.3,22.2,21.06,21.7,21.7,36418600
2021-10-25,21.5,21.91,21.03,21.06,21.06,28526100
2021-10-26,20.83,21.935,20.79,21.47,21.47,31197700
2021-10-27,21.38,22.04,20.89,21.95,21.95,34147300
2021-10-28,21.57,21.67,21.192,21.27,21.27,20552400
2021-10-29,21.8,21.86,21.26,21.44,21.44,26626500
2021-11-01,21.24,21.9,21.055,21.1,21.1,21840300
2021-11-02,21.04,21.06,20.52,20.53,20.53,20673500
2021-11-03,20.59,20.73,19.64,19.82,19.82,39745800
2021-11-04,19.6,20.39,19.47,20.05,20.05,32790500
2021-11-05,19.9,20.93,19.82,20.83,20.83,36396000
2021-11-08,20.51,21.25,20.44,20.86,20.86,25122200
2021-11-09,21.03,21.73,20.98,21.21,21.21,36983900
2021-11-10,21.65,22.11,20.83,21.6,21.6,53773600
2021-11-11,21.1,21.345,20.68,21.14,21.14,18399700
2021-11-12,20.76,20.95,20.28,20.36,20.36,22150900
2021-11-15,20.11,20.8,20.1,20.12,20.12,20316700
2021-11-16,20.27,20.3,19.86,20.19,20.19,19401700
2021-11-17,20.13,20.6,19.99,20.52,20.52,23302700
2021-11-18,20.3,20.98,20.22,20.71,20.71,24908700
2021-11-19,20.81,21.2,20.51,20.96,20.96,31519000
2021-11-22,20.51,21.42,20.38,21.33,21.33,39617700
2021-11-23,21.34,21.75,20.72,20.85,20.85,42159400
2021-11-24,21.35,21.74,20.42,20.55,20.55,34758600
2021-11-26,22.97,26.44,22.625,26.16,26.16,82949400
2021-11-29,23.16,23.36,21.635,22.05,22.05,49655100
2021-11-30,23.49,25.52,23.03,25.46,25.46,71348200
2021-12-01,23.63,27.37,22.755,27.3,27.3,70009900
2021-12-02,26.47,26.95,25.17,25.72,25.72,57070000
2021-12-03,25.5,30.15,25.3,27.96,27.96,132634200
2021-12-06,26.97,27.93,25.64,25.78,25.78,71276900
2021-12-07,24.28,24.29,22.6,22.9,22.9,44137300
2021-12-08,22.7,23.03,21.52,21.52,21.52,25274800
2021-12-09,21.59,22.64,21.24,22.2,22.2,49356800
2021-12-10,21.14,21.84,20.73,20.78,20.78,46288300
2021-12-13,20.98,21.85,20.93,21.64,21.64,42192700
2021-12-14,22.35,23.008,21.73,21.93,21.93,51174800
2021-12-15,22.13,23.01,20.35,20.43,20.43,72622900
2021-12-16,20.06,21.975,19.96,21.29,21.29,79506900
2021-12-17,22.11,22.62,21.12,21.97,21.97,69646700
2021-12-20,24.0,24.87,22.6,22.78,22.78,73259300
2021-12-21,22.03,22.56,21.41,21.66,21.66,37977200
2021-12-22,21.61,21.61,20.39,20.41,20.41,31383600
2021-12-23,20.2,20.28,19.95,20.18,20.18,31655100
2021-12-27,20.02,20.29,19.6,19.7,19.7,26696300
2021-12-28,19.59,19.8,19.17,19.21,19.21,30755200
2021-12-29,19.18,19.39,18.55,18.71,18.71,24990000
2021-12-30,18.61,18.875,18.29,18.71,18.71,20741800
2021-12-31,18.65,18.86,18.37,18.53,18.53,23370200
2022-01-03,18.28,18.65,17.86,17.9,17.9,38597100
2022-01-04,17.76,18.42,17.71,17.88,17.88,41376400
2022-01-05,18.02,19.31,17.6,19.29,19.29,78263000
2022-01-06,19.37,19.7,18.805,19.38,19.38,65273800
2022-01-07,19.32,19.86,18.73,18.82,18.82,52311100
2022-01-10,19.54,20.605,18.41,18.47,18.47,92378700
2022-01-11,18.72,19.12,17.77,17.82,17.82,52551300
2022-01-12,17.59,17.98,17.295,17.63,17.63,43270200
2022-01-13,17.58,18.89,17.4,18.74,18.74,59111100
2022-01-14,19.37,19.465,18.295,18.45,18.45,86630200
2022-01-18,19.25,20.04,19.21,19.89,19.89,69039100
2022-01-19,19.47,20.54,19.375,20.36,20.36,71325700
2022-01-20,19.86,21.39,19.08,21.24,21.24,70723600
2022-01-21,21.6,23.23,21.15,23.2,23.2,136712700
2022-01-24,25.01,27.84,23.271,23.72,23.72,186572800
2022-01-25,25.33,26.26,23.15,23.86,23.86,142307800
2022-01-26,22.8,24.865,21.76,24.32,24.32,145446500
2022-01-27,23.1,25.13,22.635,24.49,24.49,120736600
2022-01-28,23.99,25.04,22.83,22.95,22.95,102376700
2022-01-31,23.21,23.4,21.41,21.41,21.41,62965600
2022-02-01,21.01,21.62,19.795,19.84,19.84,53538700
2022-02-02,19.71,20.23,19.3,19.42,19.42,44406400
2022-02-03,20.64,21.97,20.095,21.78,21.78,70183200
2022-02-04,21.52,22.16,20.3,21.0,21.0,65158800
2022-02-07,20.5,20.74,19.97,20.42,20.42,44798100
2022-02-08,20.22,20.587,19.41,19.5,19.5,41790100
2022-02-09,18.94,19.15,18.71,18.71,18.71,43074000
2022-02-10,19.73,20.965,18.78,20.46,20.46,86161800
2022-02-11,20.47,23.87,20.295,23.24,23.24,116988900
2022-02-14,23.31,24.8,23.01,23.31,23.31,103615600
2022-02-15,21.68,22.22,21.33,21.39,21.39,55678200
2022-02-16,21.7,22.14,20.46,20.53,20.53,57347600
2022-02-17,21.71,23.09,21.62,22.96,22.96,67194700
2022-02-18,23.18,24.07,22.8,23.45,23.45,75873700
2022-02-22,23.79,24.62,22.88,23.36,23.36,86877400
2022-02-23,22.73,24.77,22.65,24.7,24.7,76133500
2022-02-24,27.4,27.45,23.77,23.925,23.925,110653700
2022-02-25,23.72,24.2,22.62,22.95,22.95,65153500
2022-02-28,24.7,24.97,23.55,24.0,24.0,74178800
2022-03-01,24.65,26.97,24.32,26.67,26.67,72612800
2022-03-02,26.31,26.49,24.7,24.96,24.96,53362500
2022-03-03,24.68,25.77,24.34,25.11,25.11,52247000
2022-03-04,26.49,27.32,26.025,26.2,26.2,61525300
2022-03-07,26.3,28.53,26.26,28.49,28.49,66983300
2022-03-08,28.26,29.36,26.68,28.15,28.15,88667700
2022-03-09,26.695,27.22,26.2,27.03,27.03,63120700
2022-03-10,27.4,27.53,25.81,25.83,25.83,49045000
2022-03-11,25.03,26.43,24.99,26.34,26.34,51116600
2022-03-14,26.21,30.75,25.45,28.81,28.81,66570700
2022-03-15,30.89,41.65,28.7,28.7,28.7,52589200
2022-03-16,29.54,29.67,25.89,25.95,25.95,15644000
2022-03-17,26.4,27.54,25.8,26.15,26.15,8647700
2022-03-18,27.38,27.88,24.64,25.0,25.0,9717500
2022-03-21,24.79,26.32,23.89,26.01,26.01,9679300
2022-03-22,25.54,25.65,24.48,25.445,25.445,4890400
2022-03-23,25.9,25.99,24.48,25.49,25.49,4934700
2022-03-24,25.02,26.03,24.75,25.2,25.2,3591000
2022-03-25,25.05,25.78,24.94,25.2,25.2,4481500
2022-03-28,25.72,30.47,25.4,25.73,25.73,10903200
2022-03-29,25.1,25.49,24.22,24.85,24.85,5172500
2022-03-30,25.28,25.81,24.78,25.0,25.0,3986400
2022-03-31,25.33,26.02,25.21,25.7,25.7,2966400
2022-04-01,25.57,25.89,25.0,25.03,25.03,3073500
2022-04-04,25.01,25.28,23.99,24.43,24.43,3641900
2022-04-05,24.6,25.89,24.171,24.81,24.81,4502300
2022-04-06,26.01,26.47,24.35,24.38,24.38,4747100
2022-04-07,24.68,24.95,24.01,24.05,24.05,3285200
2022-04-08,24.35,25.0,23.715,24.67,24.67,2781400
2022-04-11,25.38,26.1,24.75,26.1,26.1,3504900
2022-04-12,25.18,26.37,24.7,25.74,25.74,4329700
2022-04-13,25.75,26.02,24.53,24.59,24.59,2951700
2022-04-14,24.52,25.07,24.15,24.99,24.99,2932600
2022-04-18,25.15,25.589,24.84,25.31,25.31,2518300
2022-04-19,25.08,25.24,24.46,24.73,24.73,2553800
2022-04-20,24.36,25.17,24.31,24.39,24.39,1708800
2022-04-21,24.2,25.22,24.01,24.86,24.86,2631900
2022-04-22,24.87,26.5,24.81,26.15,26.15,4436400
2022-04-25,26.6,26.97,24.8,24.8,24.8,5422600
2022-04-26,25.23,27.16,25.21,26.35,26.35,4749700
2022-04-27,26.01,27.25,25.51,27.2,27.2,6069900
2022-04-28,25.9,27.71,25.5,26.04,26.04,5054900
2022-04-29,26.51,28.15,26.09,27.71,27.71,6171800
2022-05-02,28.89,29.28,27.5,27.5,27.5,5275200
2022-05-03,27.14,27.81,26.77,27.05,27.05,2461700
2022-05-04,26.58,26.84,24.85,24.85,24.85,4701100
2022-05-05,25.06,27.58,25.06,27.0,27.0,7728300
2022-05-06,27.4,28.46,26.64,27.07,27.07,5865100
2022-05-09,28.33,28.69,27.32,28.01,28.01,4473500
2022-05-10,26.8,28.43,26.55,27.055,27.055,4548500
2022-05-11,27.15,27.7,26.03,27.28,27.28,2744100
2022-05-12,27.46,28.19,26.58,26.93,26.93,3659100
2022-05-13,26.27,26.48,25.77,25.97,25.97,3174500
2022-05-16,26.0,26.19,24.4,24.69,24.69,4166500
2022-05-17,24.07,25.74,24.07,24.79,24.79,3598600
2022-05-18,25.3,26.47,24.52,26.09,26.09,5234900
2022-05-19,26.29,26.86,25.28,25.355,25.355,4407700
2022-05-20,24.9,26.5,24.725,25.05,25.05,6747100
2022-05-23,24.81,25.63,23.33,24.06,24.06,5864400
2022-05-24,24.4,25.0,23.92,24.03,24.03,5019800
2022-05-25,24.4,24.45,23.1,23.65,23.65,3020500
2022-05-26,23.39,23.42,22.89,23.26,23.26,3247900
2022-05-27,22.72,22.87,22.2,22.46,22.46,3282600
2022-05-31,22.8,23.048,22.2,22.56,22.56,3632600
2022-06-01,22.15,23.2,21.96,22.26,22.26,3157900
2022-06-02,22.39,22.54,21.7,21.7,21.7,3444100
2022-06-03,22.16,22.671,21.84,21.89,21.89,3235000
2022-06-06,21.61,22.45,21.515,22.03,22.03,3860700
2022-06-07,22.01,22.34,21.61,21.67,21.67,2881600
2022-06-08,21.75,21.96,21.4,21.8,21.8,2275400
2022-06-09,21.75,23.34,21.57,23.13,23.13,4289300
2022-06-10,23.3,24.1,22.98,23.33,23.33,7325500
2022-06-13,24.63,26.29,24.52,25.84,25.84,7424800
2022-06-14,25.58,26.06,25.02,25.33,25.33,3311500
2022-06-15,24.8,25.05,23.161,23.97,23.97,5662000
2022-06-16,24.96,26.09,24.79,25.4,25.4,4775100
2022-06-17,25.15,25.59,24.41,24.66,24.66,3166000
2022-06-21,23.85,24.5,23.63,24.5,24.5,3305100
2022-06-22,24.85,24.909,23.53,23.84,23.84,3387200
2022-06-23,23.42,23.94,22.88,23.4,23.4,7693000
2022-06-24,23.09,23.25,22.8,23.12,23.12,8132900
2022-06-27,22.89,23.17,22.5,22.6,22.6,2369200
2022-06-28,22.25,23.06,22.17,22.78,22.78,3153000
2022-06-29,23.0,23.35,22.595,22.84,22.84,2194300
2022-06-30,23.25,23.77,22.78,23.08,23.08,2598400
2022-07-01,23.18,23.54,22.41,22.54,22.54,2249500
2022-07-05,23.14,23.52,22.52,22.55,22.55,2544800
2022-07-06,22.58,22.94,22.16,22.16,22.16,1787200
2022-07-07,22.12,22.33,21.77,22.33,22.33,2348600
2022-07-08,22.3,22.3,21.815,21.99,21.99,1927000
2022-07-11,22.23,22.55,21.93,22.21,22.21,2276200
2022-07-12,22.3,22.72,21.96,22.48,22.48,2094600
2022-07-13,22.86,23.03,22.16,22.41,22.41,2381800
2022-07-14,22.99,23.06,22.3,22.32,22.32,3186100
2022-07-15,21.98,22.12,21.37,21.54,21.54,3398400
2022-07-18,21.24,22.04,21.12,21.91,21.91,2233400
2022-07-19,21.48,21.85,21.35,21.85,21.85,1795000
2022-07-20,21.74,21.775,21.38,21.57,21.57,2138100
2022-07-21,21.58,21.75,21.14,21.2,21.2,2434100
2022-07-22,21.11,21.88,21.05,21.4,21.4,2719000
2022-07-25,20.06,21.17,20.04,21.15,21.15,5107500
2022-07-26,21.44,21.845,21.22,21.67,21.67,3009100
2022-07-27,21.2,21.47,20.97,21.31,21.31,2620100
2022-07-28,21.16,21.59,20.7,20.82,20.82,2256600
2022-07-29,20.94,21.2,20.73,20.94,20.94,1782700
2022-08-01,21.48,21.8,21.0,21.8,21.8,2549000
2022-08-02,21.93,22.02,21.27,21.65,21.65,1858000
2022-08-03,21.27,22.04,21.02,21.95,21.95,2128900
2022-08-04,22.15,22.15,21.32,21.32,21.32,1734300
2022-08-05,21.82,21.96,21.31,21.5,21.5,1746600
2022-08-08,21.35,22.42,21.35,22.07,22.07,2027300
2022-08-09,22.32,22.38,21.81,21.94,21.94,828000
2022-08-10,21.55,21.98,21.42,21.44,21.44,1542900
2022-08-11,21.44,21.86,21.08,21.69,21.69,1521900
2022-08-12,21.57,22.05,21.57,22.05,22.05,1528000
2022-08-15,22.28,22.28,21.15,21.49,21.49,2013100
2022-08-16,21.37,21.49,21.07,21.29,21.29,1579400
2022-08-17,21.5,21.67,21.02,21.1,21.1,1471300
2022-08-18,21.15,21.26,21.09,21.14,21.14,1073700
2022-08-19,21.35,21.5,21.15,21.16,21.16,1517300
2022-08-22,21.62,21.65,21.02,21.22,21.22,2400900
2022-08-23,21.12,21.19,20.06,20.14,20.14,3374500
2022-08-24,20.15,20.16,19.595,19.8,19.8,1495100
2022-08-25,19.52,19.755,19.21,19.7,19.7,1245900
2022-08-26,19.5,21.2,19.49,20.15,20.15,3314200
2022-08-29,20.28,20.295,19.47,19.71,19.71,2272800
2022-08-30,19.7,20.08,19.32,19.48,19.48,1550900
2022-08-31,19.35,19.42,19.04,19.24,19.24,1411800
2022-09-01,19.12,19.86,19.12,19.44,19.44,1713400
2022-09-02,19.2,19.4,18.724,19.09,19.09,2228200
2022-09-06,18.82,19.568,18.75,19.25,19.25,1318600
2022-09-07,19.41,19.45,18.34,18.55,18.55,1622500
2022-09-08,18.65,18.73,18.1,18.22,18.22,2133900
2022-09-09,18.25,18.5,18.01,18.47,18.47,1540500
2022-09-12,18.25,18.332,18.03,18.15,18.15,1901400
2022-09-13,18.65,19.392,18.42,19.01,19.01,2789500
2022-09-14,18.98,19.37,18.9,19.09,19.09,1442200
2022-09-15,19.03,19.4,18.82,19.15,19.15,1970200
2022-09-16,19.78,20.0,19.65,19.81,19.81,2670900
2022-09-19,18.94,18.97,17.85,17.99,17.99,6511800
2022-09-20,18.13,18.565,17.89,18.41,18.41,2461900
2022-09-21,18.19,18.9,17.86,18.86,18.86,3283800
2022-09-22,18.7,19.215,18.56,18.91,18.91,2420000
2022-09-23,19.26,20.84,19.26,19.82,19.82,5641300
2022-09-26,20.34,20.78,19.57,20.56,20.56,6345100
2022-09-27,20.06,21.43,19.98,20.95,20.95,3411200
2022-09-28,20.8,21.12,19.82,20.07,20.07,4215600
2022-09-29,20.6,21.5,20.58,20.62,20.62,4717900
2022-09-30,20.7,21.21,20.02,21.21,21.21,3029400
2022-10-03,20.48,20.66,19.765,20.15,20.15,3689400
2022-10-04,19.36,19.65,19.18,19.39,19.39,3533700
2022-10-05,19.74,20.15,19.38,19.52,19.52,2464300
2022-10-06,19.43,20.19,19.27,20.09,20.09,1727600
2022-10-07,20.35,21.085,20.3,20.91,20.91,3121400
2022-10-10,21.06,21.949,21.02,21.43,21.43,2344400
2022-10-11,21.59,22.06,21.07,21.76,21.76,2713900
2022-10-12,21.64,21.835,21.32,21.54,21.54,3163400
2022-10-13,21.99,21.99,20.76,20.98,20.98,5094100
2022-10-14,20.56,21.81,20.43,21.45,21.45,4854900
2022-10-17,20.81,20.91,20.4,20.84,20.84,3433700
2022-10-18,20.43,20.97,20.34,20.44,20.44,3068800
2022-10-19,20.58,20.925,20.3,20.6,20.6,3158900
2022-10-20,20.48,20.64,19.92,20.33,20.33,2603900
2022-10-21,20.23,20.33,19.83,20.25,20.25,2724100
2022-10-24,20.03,20.56,19.88,19.94,19.94,1863200
2022-10-25,19.96,20.02,19.12,19.17,19.17,2505700
2022-10-26,19.31,19.33,18.639,18.73,18.73,2909700
2022-10-27,18.64,18.72,18.26,18.36,18.36,2432900
2022-10-28,18.37,18.38,17.78,17.93,17.93,3817900
2022-10-31,18.07,18.07,17.62,17.66,17.66,2087500
2022-11-01,17.49,17.76,17.44,17.49,17.49,2478100
2022-11-02,17.61,18.03,17.31,17.94,17.94,3746400
2022-11-03,18.16,18.385,17.42,17.57,17.57,2871200
2022-11-04,17.18,17.72,16.835,17.35,17.35,5264500
2022-11-07,17.25,17.42,16.98,17.16,17.16,2992500
2022-11-08,17.02,17.83,16.99,17.66,17.66,5590100
2022-11-09,17.7,18.33,17.67,18.21,18.21,4371200
2022-11-10,17.18,17.339,16.8,17.21,17.21,6781500
2022-11-11,17.33,17.47,16.95,16.98,16.98,4480100
2022-11-14,17.0,17.05,16.53,16.98,16.98,4089300
2022-11-15,16.58,17.69,16.551,17.2,17.2,8850600
2022-11-16,16.97,17.08,16.7,16.74,16.74,3977500
2022-11-17,17.14,17.17,16.54,16.58,16.58,4202500
2022-11-18,16.45,16.77,16.385,16.41,16.41,5050200
